{"stats":{"minecraft:mined":{"minecraft:grass_block":1,"minecraft:white_wool":22},"minecraft:killed":{"minecraft:zombified_piglin":89},"minecraft:killed_by":{"minecraft:piglin_brute":1},"minecraft:custom":{"minecraft:time_since_rest":20683,"minecraft:sprint_one_cm":177189,"minecraft:damage_taken":3560,"minecraft:walk_one_cm":437489,"minecraft:damage_blocked_by_shield":130,"minecraft:mob_kills":91,"minecraft:drop":12,"minecraft:inspect_hopper":6,"minecraft:damage_dealt":132769,"minecraft:fly_one_cm":451582,"minecraft:play_time":168285,"minecraft:crouch_one_cm":51038,"minecraft:deaths":6,"minecraft:sneak_time":14466,"minecraft:jump":2527,"minecraft:damage_dealt_resisted":120,"minecraft:leave_game":8,"minecraft:time_since_death":20656,"minecraft:total_world_time":201546,"minecraft:fall_one_cm":95643,"minecraft:inspect_dispenser":7},"minecraft:dropped":{"minecraft:quartz_block":1,"minecraft:netherite_sword":1,"minecraft:pink_wool":1,"minecraft:gold_nugget":1,"minecraft:light_gray_wool":1,"minecraft:command_block":1,"minecraft:chain_command_block":3,"minecraft:orange_wool":2,"minecraft:white_wool":128},"minecraft:picked_up":{"minecraft:lime_wool":169,"minecraft:chain_command_block":3,"minecraft:cooked_beef":64,"minecraft:yellow_wool":164,"minecraft:pink_wool":182,"minecraft:shield":1,"minecraft:dirt":1,"minecraft:orange_wool":171,"minecraft:sticky_piston":1,"minecraft:command_block":1,"minecraft:magenta_wool":159,"minecraft:rotten_flesh":39,"minecraft:oak_sign":1,"minecraft:light_blue_wool":179,"minecraft:comparator":1,"minecraft:gold_nugget":40,"minecraft:netherite_sword":2,"minecraft:golden_apple":8,"minecraft:gray_wool":175,"minecraft:netherite_axe":1,"minecraft:gold_ingot":3,"minecraft:light_gray_wool":168,"minecraft:white_wool":232},"minecraft:used":{"minecraft:calcite":4,"minecraft:sticky_piston":4,"minecraft:netherite_sword":848,"minecraft:green_concrete":2,"minecraft:command_block":14,"minecraft:red_concrete":2,"minecraft:barrier":3,"minecraft:deepslate_iron_ore":1,"minecraft:polished_andesite":4,"minecraft:oak_sign":7,"minecraft:grass_block":71,"minecraft:stone_button":1,"minecraft:dispenser":4,"minecraft:redstone":7,"minecraft:netherite_axe":416,"minecraft:quartz_block":192,"minecraft:shield":1,"minecraft:stone":3,"minecraft:redstone_block":3,"minecraft:quartz_stairs":11,"minecraft:structure_block":14,"minecraft:golden_apple":4,"minecraft:white_wool":1575,"minecraft:dirt":1,"minecraft:diamond_block":33,"minecraft:comparator":8,"minecraft:hopper":5,"minecraft:yellow_concrete":7,"minecraft:chain":7,"minecraft:gold_block":47,"minecraft:chain_command_block":37,"minecraft:repeating_command_block":14,"minecraft:stone_pressure_plate":2,"minecraft:cooked_beef":3,"minecraft:shears":22,"minecraft:blue_concrete":1}},"DataVersion":2730}