{
  "minecraft:recipes/decorations/campfire": {
    "criteria": {
      "has_stick": "2020-11-09 10:24:54 +1100"
    },
    "done": true
  },
  "minecraft:recipes/combat/wooden_sword": {
    "criteria": {
      "has_stick": "2020-11-09 10:24:54 +1100"
    },
    "done": true
  },
  "minecraft:recipes/tools/wooden_pickaxe": {
    "criteria": {
      "has_stick": "2020-11-09 10:24:54 +1100"
    },
    "done": true
  },
  "minecraft:recipes/tools/wooden_axe": {
    "criteria": {
      "has_stick": "2020-11-09 10:24:54 +1100"
    },
    "done": true
  },
  "minecraft:recipes/decorations/ladder": {
    "criteria": {
      "has_stick": "2020-11-09 10:24:54 +1100"
    },
    "done": true
  },
  "as:enable": {
    "criteria": {
      "tick": "2020-11-09 10:24:20 +1100"
    },
    "done": true
  },
  "main:main/root": {
    "criteria": {
      "tick": "2020-11-09 10:24:20 +1100"
    },
    "done": true
  },
  "minecraft:recipes/tools/wooden_shovel": {
    "criteria": {
      "has_stick": "2020-11-09 10:24:54 +1100"
    },
    "done": true
  },
  "multiplayer_sleep:sleep": {
    "criteria": {
      "tick": "2020-11-09 10:24:20 +1100"
    },
    "done": false
  },
  "minecraft:recipes/decorations/soul_campfire": {
    "criteria": {
      "has_stick": "2020-11-09 10:24:54 +1100"
    },
    "done": true
  },
  "minecraft:recipes/combat/crossbow": {
    "criteria": {
      "has_stick": "2020-11-09 10:24:54 +1100"
    },
    "done": true
  },
  "minecraft:recipes/tools/wooden_hoe": {
    "criteria": {
      "has_stick": "2020-11-09 10:24:54 +1100"
    },
    "done": true
  },
  "main:main/as": {
    "criteria": {
      "tick": "2020-11-09 10:24:20 +1100"
    },
    "done": true
  },
  "main:main/multiplayer_sleep": {
    "criteria": {
      "tick": "2020-11-09 10:24:20 +1100"
    },
    "done": true
  },
  "minecraft:adventure/adventuring_time": {
    "criteria": {
      "minecraft:desert": "2020-11-09 10:24:20 +1100"
    },
    "done": false
  },
  "DataVersion": 2584
}