{"stats":{"minecraft:mined":{"minecraft:snow_block":7155,"minecraft:white_carpet":2,"minecraft:tnt":2309,"minecraft:grass":5},"minecraft:killed":{"minecraft:evoker":12,"minecraft:cave_spider":5,"minecraft:spider":3,"minecraft:vindicator":131,"minecraft:horse":23,"minecraft:skeleton":70,"minecraft:chicken":1,"minecraft:drowned":1,"minecraft:wolf":4,"minecraft:husk":139,"minecraft:pig":6,"minecraft:ravager":1,"minecraft:pillager":70,"minecraft:zombie":1,"minecraft:mooshroom":2,"minecraft:wither_skeleton":3,"minecraft:villager":2},"minecraft:picked_up":{"minecraft:fishing_rod":3,"minecraft:firework_star":163,"minecraft:splash_potion":2347,"minecraft:diamond_sword":165,"minecraft:iron_axe":4,"minecraft:iron_shovel":57,"minecraft:oak_sign":5,"minecraft:iron_boots":164,"minecraft:sandstone":1,"minecraft:porkchop":16,"minecraft:tnt":57,"minecraft:command_block":173,"minecraft:saddle":6,"minecraft:barrier":226,"minecraft:leather":7,"minecraft:acacia_boat":7,"minecraft:white_banner":5,"minecraft:bow":1,"minecraft:wheat_seeds":1,"minecraft:black_stained_glass_pane":4250,"minecraft:diamond_shovel":157,"minecraft:lever":1,"minecraft:painting":3,"minecraft:golden_apple":1,"minecraft:emerald":13},"minecraft:custom":{"minecraft:inspect_dropper":3,"minecraft:mob_kills":544,"minecraft:interact_with_anvil":59,"minecraft:inspect_hopper":14,"minecraft:interact_with_crafting_table":2,"minecraft:open_shulker_box":50,"minecraft:leave_game":189,"minecraft:time_since_death":190,"minecraft:climb_one_cm":236818,"minecraft:damage_resisted":25574,"minecraft:sprint_one_cm":7856609,"minecraft:walk_one_cm":8315506,"minecraft:damage_blocked_by_shield":4025,"minecraft:drop":1230,"minecraft:talked_to_villager":7,"minecraft:deaths":1314,"minecraft:sneak_time":171994,"minecraft:walk_under_water_one_cm":592024,"minecraft:boat_one_cm":49277,"minecraft:jump":36127,"minecraft:walk_on_water_one_cm":239971,"minecraft:play_one_minute":4352145,"minecraft:interact_with_grindstone":4,"minecraft:time_since_rest":191,"minecraft:damage_taken":250355,"minecraft:damage_absorbed":3687,"minecraft:damage_dealt":158407,"minecraft:swim_one_cm":787125,"minecraft:fly_one_cm":20177183,"minecraft:player_kills":302,"minecraft:open_chest":237,"minecraft:crouch_one_cm":337986,"minecraft:aviate_one_cm":1556144,"minecraft:fish_caught":1,"minecraft:fall_one_cm":1147050,"minecraft:inspect_dispenser":4,"minecraft:horse_one_cm":447121},"minecraft:crafted":{"minecraft:leather_boots":2,"minecraft:written_book":8,"minecraft:blue_dye":1,"minecraft:snow_block":26},"minecraft:killed_by":{"minecraft:husk":5,"minecraft:evoker":1,"minecraft:player":411,"minecraft:creeper":1,"minecraft:pillager":7,"minecraft:ravager":6,"minecraft:vindicator":57,"minecraft:cave_spider":1,"minecraft:skeleton":1},"minecraft:dropped":{"minecraft:acacia_boat":4,"minecraft:iron_sword":13,"minecraft:repeating_command_block":3,"minecraft:birch_planks":1,"minecraft:tnt":1,"minecraft:minecart":1,"minecraft:crossbow":7,"minecraft:barrier":11,"minecraft:command_block":6,"minecraft:grass_block":2,"minecraft:carrot_on_a_stick":360,"minecraft:coal":416,"minecraft:golden_apple":12,"minecraft:dirt":105,"minecraft:snowball":2,"minecraft:diamond_helmet":4,"minecraft:iron_shovel":1,"minecraft:stone_sword":6,"minecraft:oak_planks":1,"minecraft:iron_boots":1,"minecraft:diamond_shovel":3,"minecraft:oak_sign":2,"minecraft:totem_of_undying":50,"minecraft:chainmail_chestplate":6,"minecraft:diamond_sword":2,"minecraft:firework_star":1,"minecraft:shield":10,"minecraft:spruce_planks":1,"minecraft:iron_chestplate":8,"minecraft:lingering_potion":14,"minecraft:glowstone":2,"minecraft:sandstone":2,"minecraft:arrow":57,"minecraft:bow":2,"minecraft:glass":1,"minecraft:written_book":1,"minecraft:splash_potion":110,"minecraft:firework_rocket":6},"minecraft:used":{"minecraft:oak_fence":78,"minecraft:writable_book":12,"minecraft:purpur_block":2,"minecraft:oak_trapdoor":29,"minecraft:trident":209,"minecraft:nether_brick_fence":15,"minecraft:stone_sword":473,"minecraft:enchanting_table":3,"minecraft:acacia_log":11,"minecraft:oak_sign":164,"minecraft:dispenser":10,"minecraft:smooth_quartz_slab":71,"minecraft:redstone_ore":6,"minecraft:armor_stand":1,"minecraft:spruce_slab":181,"minecraft:redstone":280,"minecraft:carrot_on_a_stick":974,"minecraft:ladder":198,"minecraft:diamond_hoe":113,"minecraft:spruce_planks":606,"minecraft:chest":41,"minecraft:white_terracotta":3,"minecraft:stone":2328,"minecraft:iron_sword":1889,"minecraft:quartz_stairs":209,"minecraft:grass":1,"minecraft:farmland":5,"minecraft:mossy_stone_brick_slab":2,"minecraft:structure_block":8,"minecraft:tube_coral":6,"minecraft:mooshroom_spawn_egg":2,"minecraft:green_glazed_terracotta":1,"minecraft:debug_stick":384,"minecraft:torch":1,"minecraft:soul_sand":18,"minecraft:dirt":83,"minecraft:anvil":44,"minecraft:white_carpet":20,"minecraft:hopper":14,"minecraft:nether_quartz_ore":6,"minecraft:prismarine_bricks":10,"minecraft:orange_glazed_terracotta":3,"minecraft:spruce_stairs":469,"minecraft:nether_bricks":2,"minecraft:cobblestone_wall":69,"minecraft:orange_wool":4,"minecraft:shulker_box":40,"minecraft:light_gray_glazed_terracotta":1,"minecraft:spruce_fence":115,"minecraft:golden_shovel":11,"minecraft:granite":8,"minecraft:cyan_wool":1,"minecraft:snowball":751,"minecraft:stripped_spruce_log":220,"minecraft:polished_diorite":1,"minecraft:dark_oak_planks":42,"minecraft:stone_brick_slab":376,"minecraft:glass":410,"minecraft:packed_ice":10,"minecraft:sea_lantern":41,"minecraft:lava_bucket":55,"minecraft:quartz_slab":82,"minecraft:coal_ore":4,"minecraft:bookshelf":105,"minecraft:quartz_pillar":102,"minecraft:villager_spawn_egg":1,"minecraft:grass_block":2065,"minecraft:iron_block":33,"minecraft:red_wool":186,"minecraft:light_weighted_pressure_plate":43,"minecraft:lantern":10,"minecraft:iron_axe":101,"minecraft:oak_stairs":86,"minecraft:spruce_button":18,"minecraft:slime_block":13,"minecraft:quartz_block":2074,"minecraft:green_wool":2,"minecraft:dark_oak_slab":245,"minecraft:smooth_quartz":210,"minecraft:totem_of_undying":23,"minecraft:pink_wool":1,"minecraft:stone_brick_stairs":249,"minecraft:stone_bricks":148,"minecraft:item_frame":4,"minecraft:bedrock":34,"minecraft:light_gray_wool":1,"minecraft:repeater":374,"minecraft:horn_coral":8,"minecraft:glowstone":174,"minecraft:snow":111,"minecraft:red_carpet":79,"minecraft:brown_carpet":2,"minecraft:golden_carrot":11,"minecraft:bow":2730,"minecraft:black_stained_glass":13,"minecraft:magenta_wool":1,"minecraft:emerald_block":11,"minecraft:written_book":10,"minecraft:scaffolding":70,"minecraft:dark_oak_pressure_plate":4,"minecraft:oak_sapling":30,"minecraft:minecart":2,"minecraft:gold_block":4,"minecraft:horn_coral_block":21,"minecraft:observer":9,"minecraft:stripped_spruce_wood":9,"minecraft:emerald_ore":22,"minecraft:dark_oak_stairs":129,"minecraft:water_bucket":143,"minecraft:mossy_stone_bricks":24,"minecraft:iron_ore":7,"minecraft:tube_coral_block":32,"minecraft:end_rod":20,"minecraft:end_stone_bricks":2,"minecraft:cow_spawn_egg":1,"minecraft:cobblestone_stairs":36,"minecraft:light_blue_glazed_terracotta":1,"minecraft:spruce_door":1,"minecraft:dropper":1,"minecraft:snow_block":16,"minecraft:birch_planks":3,"minecraft:polished_andesite":108,"minecraft:stripped_birch_log":26,"minecraft:chorus_fruit":4,"minecraft:lime_wool":1,"minecraft:oak_planks":109,"minecraft:red_nether_bricks":3,"minecraft:cactus":1,"minecraft:ender_pearl":230,"minecraft:purple_glazed_terracotta":1,"minecraft:sandstone":303,"minecraft:redstone_block":4,"minecraft:red_mushroom_block":24,"minecraft:black_glazed_terracotta":1,"minecraft:red_glazed_terracotta":1,"minecraft:cobblestone_slab":76,"minecraft:vindicator_spawn_egg":18,"minecraft:gold_ore":5,"minecraft:purpur_pillar":2,"minecraft:cracked_stone_bricks":5,"minecraft:oak_leaves":248,"minecraft:white_wool":1,"minecraft:golden_apple":44,"minecraft:cyan_glazed_terracotta":2,"minecraft:diamond_block":4,"minecraft:rail":2,"minecraft:orange_carpet":33,"minecraft:sand":29,"minecraft:stripped_dark_oak_log":49,"minecraft:comparator":35,"minecraft:vine":112,"minecraft:tnt":12,"minecraft:oak_slab":215,"minecraft:crafting_table":1,"minecraft:mushroom_stew":6,"minecraft:light_blue_wool":91,"minecraft:yellow_concrete":6,"minecraft:crossbow":315,"minecraft:blue_ice":28,"minecraft:dark_oak_fence_gate":4,"minecraft:chiseled_quartz_block":15,"minecraft:stone_brick_wall":130,"minecraft:lingering_potion":888,"minecraft:painting":39,"minecraft:brown_glazed_terracotta":1,"minecraft:end_stone":1,"minecraft:spruce_log":330,"minecraft:mushroom_stem":15,"minecraft:bat_spawn_egg":107,"minecraft:sticky_piston":27,"minecraft:oak_log":19,"minecraft:redstone_torch":32,"minecraft:purple_stained_glass":5,"minecraft:piston":12,"minecraft:blue_glazed_terracotta":1,"minecraft:lever":33,"minecraft:black_wool":331,"minecraft:black_concrete":153,"minecraft:firework_rocket":45,"minecraft:diamond_shovel":7175,"minecraft:spruce_pressure_plate":7,"minecraft:lapis_ore":11,"minecraft:dark_oak_log":12,"minecraft:command_block":402,"minecraft:heavy_weighted_pressure_plate":8,"minecraft:lime_carpet":2,"minecraft:bread":1,"minecraft:map":2,"minecraft:barrier":130,"minecraft:stone_button":36,"minecraft:string":18,"minecraft:oak_button":21,"minecraft:pig_spawn_egg":6,"minecraft:detector_rail":5,"minecraft:lectern":6,"minecraft:white_glazed_terracotta":1,"minecraft:stone_slab":503,"minecraft:red_terracotta":2,"minecraft:spruce_trapdoor":139,"minecraft:oak_pressure_plate":2,"minecraft:diamond_ore":10,"minecraft:gravel":75,"minecraft:yellow_wool":1,"minecraft:stone_axe":64,"minecraft:chiseled_stone_bricks":107,"minecraft:fishing_rod":57,"minecraft:diamond_sword":35,"minecraft:fire_coral_block":33,"minecraft:coal_block":4,"minecraft:wooden_sword":668,"minecraft:cobblestone":244,"minecraft:potion":4,"minecraft:andesite":5,"minecraft:bucket":15,"minecraft:grindstone":25,"minecraft:lapis_block":4,"minecraft:dark_oak_fence":59,"minecraft:magenta_glazed_terracotta":37,"minecraft:birch_log":48,"minecraft:chain_command_block":581,"minecraft:repeating_command_block":426,"minecraft:grass_path":14,"minecraft:smooth_stone_slab":6,"minecraft:sea_pickle":12,"minecraft:stripped_oak_log":249,"minecraft:kelp":49,"minecraft:coarse_dirt":8,"minecraft:gray_wool":1,"minecraft:splash_potion":3005,"minecraft:bone_meal":311,"minecraft:jukebox":3,"minecraft:purple_wool":1,"minecraft:cobweb":215}},"DataVersion":2230}