{"stats":{"minecraft:used":{"minecraft:stone_sword":25,"minecraft:bow":39,"minecraft:iron_axe":12,"minecraft:lingering_potion":7,"minecraft:iron_sword":234,"minecraft:splash_potion":109,"minecraft:totem_of_undying":11},"minecraft:killed_by":{"minecraft:player":68},"minecraft:custom":{"minecraft:time_since_rest":3845,"minecraft:crouch_one_cm":9828,"minecraft:play_one_minute":58341,"minecraft:damage_absorbed":943,"minecraft:damage_taken":24306,"minecraft:sprint_one_cm":110070,"minecraft:deaths":70,"minecraft:walk_one_cm":273115,"minecraft:sneak_time":6080,"minecraft:walk_under_water_one_cm":5536,"minecraft:mob_kills":4,"minecraft:drop":10,"minecraft:jump":1238,"minecraft:damage_dealt":5564,"minecraft:leave_game":13,"minecraft:walk_on_water_one_cm":2355,"minecraft:time_since_death":3837,"minecraft:climb_one_cm":27755,"minecraft:fall_one_cm":44466,"minecraft:fly_one_cm":175585,"minecraft:player_kills":15,"minecraft:horse_one_cm":50013},"minecraft:picked_up":{"minecraft:iron_axe":1,"minecraft:leather":2},"minecraft:dropped":{"minecraft:iron_sword":6,"minecraft:iron_axe":1,"minecraft:stone_sword":3},"minecraft:killed":{"minecraft:horse":4}},"DataVersion":2230}