{"stats":{"minecraft:picked_up":{"minecraft:splash_potion":672},"minecraft:killed":{"minecraft:horse":2,"minecraft:creeper":6},"minecraft:used":{"minecraft:trident":1,"minecraft:stone_axe":101,"minecraft:bow":22,"minecraft:diamond_shovel":282,"minecraft:iron_axe":22,"minecraft:carrot_on_a_stick":208,"minecraft:crossbow":6,"minecraft:iron_sword":680,"minecraft:lingering_potion":182,"minecraft:snowball":39,"minecraft:splash_potion":419,"minecraft:totem_of_undying":2},"minecraft:custom":{"minecraft:time_since_rest":2431,"minecraft:crouch_one_cm":4859,"minecraft:play_one_minute":224641,"minecraft:damage_absorbed":356,"minecraft:sprint_one_cm":939892,"minecraft:walk_one_cm":529628,"minecraft:damage_taken":56029,"minecraft:deaths":180,"minecraft:sneak_time":1920,"minecraft:walk_under_water_one_cm":10720,"minecraft:mob_kills":8,"minecraft:drop":2,"minecraft:aviate_one_cm":218801,"minecraft:jump":6390,"minecraft:damage_dealt":23941,"minecraft:leave_game":10,"minecraft:time_since_death":2430,"minecraft:walk_on_water_one_cm":13895,"minecraft:climb_one_cm":68646,"minecraft:damage_resisted":4032,"minecraft:swim_one_cm":26842,"minecraft:fall_one_cm":195087,"minecraft:fly_one_cm":1475660,"minecraft:player_kills":60,"minecraft:horse_one_cm":12398},"minecraft:dropped":{"minecraft:splash_potion":2},"minecraft:killed_by":{"minecraft:creeper":21,"minecraft:player":79},"minecraft:mined":{"minecraft:snow_block":282,"minecraft:tnt":35}},"DataVersion":2567}