{"stats":{"minecraft:killed_by":{"minecraft:player":7},"minecraft:custom":{"minecraft:jump":34,"minecraft:time_since_rest":40,"minecraft:leave_game":1,"minecraft:damage_dealt":623,"minecraft:play_one_minute":2850,"minecraft:sprint_one_cm":1943,"minecraft:deaths":7,"minecraft:damage_taken":1347,"minecraft:time_since_death":38,"minecraft:walk_one_cm":10263,"minecraft:damage_resisted":75,"minecraft:fall_one_cm":3919,"minecraft:fly_one_cm":3934,"minecraft:player_kills":6},"minecraft:used":{"minecraft:ender_pearl":3,"minecraft:trident":2,"minecraft:lingering_potion":5,"minecraft:iron_sword":10,"minecraft:splash_potion":1}},"DataVersion":2230}