{"stats":{"minecraft:killed_by":{"minecraft:creeper":16,"minecraft:player":45},"minecraft:dropped":{"minecraft:arrow":1,"minecraft:splash_potion":1},"minecraft:used":{"minecraft:trident":11,"minecraft:bow":47,"minecraft:iron_axe":69,"minecraft:carrot_on_a_stick":136,"minecraft:ender_pearl":7,"minecraft:iron_sword":618,"minecraft:splash_potion":587},"minecraft:killed":{"minecraft:horse":1,"minecraft:creeper":1},"minecraft:custom":{"minecraft:time_since_rest":281,"minecraft:crouch_one_cm":8502,"minecraft:play_one_minute":95916,"minecraft:deaths":82,"minecraft:sprint_one_cm":675715,"minecraft:walk_one_cm":261484,"minecraft:damage_taken":38235,"minecraft:damage_absorbed":196,"minecraft:sneak_time":2385,"minecraft:walk_under_water_one_cm":7563,"minecraft:mob_kills":2,"minecraft:drop":2,"minecraft:aviate_one_cm":29375,"minecraft:jump":2854,"minecraft:damage_dealt":23622,"minecraft:leave_game":5,"minecraft:walk_on_water_one_cm":9931,"minecraft:time_since_death":279,"minecraft:climb_one_cm":22543,"minecraft:damage_resisted":575,"minecraft:swim_one_cm":50050,"minecraft:fall_one_cm":62757,"minecraft:fly_one_cm":654855,"minecraft:player_kills":90,"minecraft:horse_one_cm":49664},"minecraft:picked_up":{"minecraft:splash_potion":1135}},"DataVersion":2567}