{"stats":{"minecraft:killed_by":{"minecraft:player":38,"minecraft:creeper":9},"minecraft:used":{"minecraft:trident":51,"minecraft:stone_sword":26,"minecraft:iron_axe":19,"minecraft:carrot_on_a_stick":102,"minecraft:ender_pearl":113,"minecraft:shield":11,"minecraft:iron_sword":1373,"minecraft:totem_of_undying":2,"minecraft:golden_apple":2,"minecraft:bow":78,"minecraft:snowball":39,"minecraft:splash_potion":845},"minecraft:custom":{"minecraft:time_since_rest":1459,"minecraft:walk_one_cm":1546350,"minecraft:sprint_one_cm":1584004,"minecraft:damage_taken":64785,"minecraft:damage_absorbed":227,"minecraft:damage_blocked_by_shield":871,"minecraft:mob_kills":26,"minecraft:interact_with_anvil":3,"minecraft:drop":270,"minecraft:damage_dealt":57908,"minecraft:damage_dealt_absorbed":140,"minecraft:swim_one_cm":16503,"minecraft:fly_one_cm":3204960,"minecraft:player_kills":182,"minecraft:open_chest":4,"minecraft:play_one_minute":433490,"minecraft:crouch_one_cm":72816,"minecraft:open_shulker_box":1,"minecraft:deaths":144,"minecraft:sneak_time":32279,"minecraft:walk_under_water_one_cm":4435,"minecraft:aviate_one_cm":518668,"minecraft:jump":14564,"minecraft:leave_game":24,"minecraft:walk_on_water_one_cm":10699,"minecraft:time_since_death":1457,"minecraft:damage_resisted":829,"minecraft:climb_one_cm":93916,"minecraft:fall_one_cm":322561,"minecraft:horse_one_cm":47693},"minecraft:dropped":{"minecraft:iron_sword":5,"minecraft:shield":1,"minecraft:ender_pearl":1,"minecraft:yellow_wool":9,"minecraft:diamond_helmet":6,"minecraft:arrow":35,"minecraft:saddle":4,"minecraft:totem_of_undying":3,"minecraft:splash_potion":16,"minecraft:golden_apple":7,"minecraft:green_wool":198},"minecraft:killed":{"minecraft:horse":5,"minecraft:creeper":20},"minecraft:picked_up":{"minecraft:splash_potion":706}},"DataVersion":2586}