{"stats":{"minecraft:killed":{"minecraft:vindicator":4,"minecraft:horse":21,"minecraft:husk":6,"minecraft:iron_golem":10,"minecraft:creeper":22},"minecraft:custom":{"minecraft:mob_kills":67,"minecraft:interact_with_anvil":8,"minecraft:open_shulker_box":9,"minecraft:leave_game":107,"minecraft:time_since_death":426,"minecraft:climb_one_cm":187761,"minecraft:damage_resisted":16495,"minecraft:sprint_one_cm":5685555,"minecraft:walk_one_cm":4244362,"minecraft:damage_blocked_by_shield":18878,"minecraft:drop":945,"minecraft:damage_dealt_absorbed":458,"minecraft:deaths":857,"minecraft:sneak_time":95936,"minecraft:walk_under_water_one_cm":30195,"minecraft:jump":27025,"minecraft:walk_on_water_one_cm":34103,"minecraft:play_one_minute":2014372,"minecraft:time_since_rest":427,"minecraft:damage_taken":184808,"minecraft:damage_absorbed":1785,"minecraft:damage_dealt":80521,"minecraft:swim_one_cm":66409,"minecraft:fly_one_cm":10691374,"minecraft:player_kills":178,"minecraft:open_chest":12,"minecraft:crouch_one_cm":196875,"minecraft:aviate_one_cm":2581123,"minecraft:fall_one_cm":1596203,"minecraft:horse_one_cm":688496},"minecraft:killed_by":{"minecraft:player":330,"minecraft:creeper":63,"minecraft:iron_golem":17,"minecraft:vindicator":4},"minecraft:dropped":{"minecraft:crimson_stem":1,"minecraft:iron_sword":14,"minecraft:repeating_command_block":2,"minecraft:diamond_axe":1,"minecraft:lapis_lazuli":1,"minecraft:diamond_leggings":3,"minecraft:barrier":9,"minecraft:crimson_fence_gate":1,"minecraft:command_block":4,"minecraft:bedrock":2,"minecraft:purpur_stairs":2,"minecraft:spruce_stairs":2,"minecraft:grass_block":3,"minecraft:carrot_on_a_stick":87,"minecraft:golden_apple":6,"minecraft:item_frame":1,"minecraft:stick":1,"minecraft:end_rod":1,"minecraft:gold_block":1,"minecraft:lava_bucket":1,"minecraft:warped_pressure_plate":1,"minecraft:cobweb":1,"minecraft:crimson_stairs":1,"minecraft:light_blue_stained_glass":1,"minecraft:green_dye":1,"minecraft:wooden_axe":1,"minecraft:nether_wart_block":1,"minecraft:map":1,"minecraft:diamond_helmet":9,"minecraft:iron_leggings":2,"minecraft:chain":1,"minecraft:crimson_fence":1,"minecraft:bone_meal":1,"minecraft:sand":1,"minecraft:red_dye":1,"minecraft:dark_oak_planks":2,"minecraft:light_blue_banner":1,"minecraft:gray_dye":1,"minecraft:green_wool":441,"minecraft:redstone":1,"minecraft:snow_block":2,"minecraft:soul_soil":1,"minecraft:player_head":21,"minecraft:nether_wart":1,"minecraft:stone_sword":2,"minecraft:yellow_wool":114,"minecraft:obsidian":1,"minecraft:grass_path":3,"minecraft:oak_planks":1,"minecraft:iron_boots":2,"minecraft:stripped_oak_log":1,"minecraft:stone_slab":1,"minecraft:nether_brick_fence":1,"minecraft:light_blue_concrete":1,"minecraft:diamond_ore":1,"minecraft:totem_of_undying":29,"minecraft:oak_sign":3,"minecraft:warped_planks":1,"minecraft:infested_stone_bricks":1,"minecraft:flint_and_steel":2,"minecraft:diamond_sword":2,"minecraft:stone":5,"minecraft:shield":27,"minecraft:diamond_chestplate":4,"minecraft:spruce_planks":8,"minecraft:iron_chestplate":3,"minecraft:warped_fence":1,"minecraft:lingering_potion":2,"minecraft:glowstone":1,"minecraft:ladder":1,"minecraft:spruce_log":1,"minecraft:light_gray_dye":2,"minecraft:diamond_boots":2,"minecraft:white_dye":3,"minecraft:sandstone":1,"minecraft:birch_button":1,"minecraft:arrow":72,"minecraft:bow":3,"minecraft:chain_command_block":1,"minecraft:written_book":3,"minecraft:splash_potion":54,"minecraft:netherrack":2,"minecraft:firework_rocket":6},"minecraft:used":{"minecraft:oak_fence":23,"minecraft:oak_trapdoor":5,"minecraft:purpur_block":39,"minecraft:light_blue_banner":1,"minecraft:nether_brick_fence":2,"minecraft:trident":57,"minecraft:stone_sword":17,"minecraft:crimson_fence":56,"minecraft:flint_and_steel":18,"minecraft:red_concrete":1,"minecraft:redstone":13,"minecraft:carrot_on_a_stick":1351,"minecraft:ladder":11,"minecraft:oak_sign":38,"minecraft:spruce_planks":66,"minecraft:chest":1,"minecraft:shield":218,"minecraft:stone":358,"minecraft:iron_sword":1375,"minecraft:nether_wart":21,"minecraft:player_head":2,"minecraft:mossy_stone_brick_slab":10,"minecraft:structure_block":1,"minecraft:netherrack":166,"minecraft:debug_stick":2,"minecraft:dirt":90,"minecraft:soul_sand":48,"minecraft:anvil":3,"minecraft:ancient_debris":1,"minecraft:lily_of_the_valley":5,"minecraft:white_carpet":1,"minecraft:twisting_vines":196,"minecraft:spruce_stairs":2,"minecraft:crimson_hyphae":2,"minecraft:allium":7,"minecraft:oak_wood":148,"minecraft:snowball":233,"minecraft:warped_pressure_plate":2,"minecraft:light_blue_stained_glass":31,"minecraft:obsidian":28,"minecraft:shroomlight":11,"minecraft:dark_oak_planks":1,"minecraft:stone_brick_slab":178,"minecraft:lava_bucket":18,"minecraft:light_weighted_pressure_plate":3,"minecraft:iron_axe":63,"minecraft:grass_block":342,"minecraft:blue_orchid":4,"minecraft:warped_fence":96,"minecraft:quartz_block":16,"minecraft:crimson_slab":45,"minecraft:smooth_quartz":3,"minecraft:dark_oak_button":12,"minecraft:totem_of_undying":20,"minecraft:stone_brick_stairs":111,"minecraft:stone_bricks":140,"minecraft:item_frame":2,"minecraft:bedrock":1,"minecraft:birch_button":2,"minecraft:glowstone":1,"minecraft:repeater":3,"minecraft:bow":753,"minecraft:snow":4,"minecraft:written_book":158,"minecraft:soul_soil":47,"minecraft:gold_block":43,"minecraft:stone_pressure_plate":7,"minecraft:end_stone_brick_stairs":1,"minecraft:mossy_stone_brick_wall":7,"minecraft:stripped_spruce_wood":31,"minecraft:crimson_stem":10,"minecraft:water_bucket":121,"minecraft:warped_stem":5,"minecraft:end_stone_bricks":167,"minecraft:snow_block":6,"minecraft:polished_andesite":37,"minecraft:oak_planks":14,"minecraft:orange_tulip":4,"minecraft:ender_pearl":147,"minecraft:mossy_stone_brick_stairs":4,"minecraft:sandstone":124,"minecraft:redstone_block":1,"minecraft:red_mushroom_block":11,"minecraft:end_stone_brick_slab":72,"minecraft:purpur_pillar":27,"minecraft:oak_leaves":539,"minecraft:golden_apple":1,"minecraft:purpur_stairs":72,"minecraft:orange_carpet":3,"minecraft:sand":8,"minecraft:vine":5,"minecraft:light_blue_concrete":21,"minecraft:oak_slab":23,"minecraft:light_blue_wool":4,"minecraft:acacia_leaves":1,"minecraft:yellow_stained_glass_pane":1,"minecraft:crossbow":148,"minecraft:stone_brick_wall":220,"minecraft:lingering_potion":102,"minecraft:infested_stone_bricks":222,"minecraft:spruce_log":2,"minecraft:warped_planks":88,"minecraft:mushroom_stem":1,"minecraft:crimson_fence_gate":12,"minecraft:redstone_torch":1,"minecraft:oak_log":457,"minecraft:piston":1,"minecraft:diamond_shovel":533,"minecraft:crying_obsidian":15,"minecraft:command_block":51,"minecraft:nether_sprouts":1,"minecraft:string":16,"minecraft:barrier":117,"minecraft:stone_button":4,"minecraft:map":1,"minecraft:stone_slab":62,"minecraft:purpur_slab":91,"minecraft:spruce_trapdoor":4,"minecraft:diamond_ore":2,"minecraft:stone_axe":33,"minecraft:diamond_sword":2,"minecraft:nether_wart_block":64,"minecraft:crimson_fungus":7,"minecraft:crimson_stairs":49,"minecraft:red_concrete_powder":16,"minecraft:birch_log":4,"minecraft:chain_command_block":5,"minecraft:chain":1,"minecraft:grass_path":28,"minecraft:repeating_command_block":9,"minecraft:stripped_oak_log":70,"minecraft:dandelion":1,"minecraft:bone_meal":28,"minecraft:splash_potion":1780,"minecraft:cobweb":147},"minecraft:mined":{"minecraft:snow_block":532,"minecraft:oak_planks":1,"minecraft:tnt":531},"minecraft:picked_up":{"minecraft:splash_potion":1358,"minecraft:yellow_wool":7,"minecraft:iron_sword":2}},"DataVersion":2586}