{"stats":{"minecraft:killed_by":{"minecraft:player":322,"minecraft:creeper":19},"minecraft:picked_up":{"minecraft:splash_potion":1871},"minecraft:killed":{"minecraft:horse":23,"minecraft:creeper":5},"minecraft:dropped":{"minecraft:iron_sword":3,"minecraft:shield":1,"minecraft:stone_sword":2,"minecraft:yellow_wool":67,"minecraft:chainmail_boots":1,"minecraft:diamond_shovel":1,"minecraft:iron_axe":1,"minecraft:arrow":14,"minecraft:bow":2,"minecraft:chainmail_leggings":1,"minecraft:splash_potion":26,"minecraft:chainmail_chestplate":1,"minecraft:green_wool":8,"minecraft:stick":1,"minecraft:firework_rocket":1},"minecraft:custom":{"minecraft:time_since_rest":31,"minecraft:walk_one_cm":2227828,"minecraft:sprint_one_cm":2998136,"minecraft:damage_taken":157149,"minecraft:damage_absorbed":552,"minecraft:damage_blocked_by_shield":4817,"minecraft:mob_kills":28,"minecraft:drop":128,"minecraft:damage_dealt":122358,"minecraft:damage_dealt_absorbed":90,"minecraft:swim_one_cm":247268,"minecraft:fly_one_cm":3228817,"minecraft:player_kills":480,"minecraft:open_chest":1,"minecraft:play_one_minute":594441,"minecraft:crouch_one_cm":106964,"minecraft:deaths":557,"minecraft:sneak_time":29433,"minecraft:walk_under_water_one_cm":129294,"minecraft:aviate_one_cm":2303674,"minecraft:jump":15706,"minecraft:leave_game":26,"minecraft:walk_on_water_one_cm":78901,"minecraft:time_since_death":30,"minecraft:climb_one_cm":131983,"minecraft:damage_resisted":6987,"minecraft:fall_one_cm":993379,"minecraft:horse_one_cm":335155},"minecraft:mined":{"minecraft:snow_block":474,"minecraft:tnt":235},"minecraft:used":{"minecraft:trident":440,"minecraft:writable_book":1,"minecraft:stone_sword":40,"minecraft:diamond_shovel":478,"minecraft:iron_axe":278,"minecraft:carrot_on_a_stick":353,"minecraft:ender_pearl":70,"minecraft:shield":22,"minecraft:iron_sword":2167,"minecraft:totem_of_undying":2,"minecraft:stone_axe":152,"minecraft:golden_apple":1,"minecraft:bow":850,"minecraft:crossbow":3,"minecraft:lingering_potion":270,"minecraft:snowball":81,"minecraft:splash_potion":1934}},"DataVersion":2584}