{"stats":{"minecraft:custom":{"minecraft:jump":93,"minecraft:time_since_rest":6144,"minecraft:crouch_one_cm":175,"minecraft:damage_dealt":919,"minecraft:play_one_minute":6144,"minecraft:leave_game":1,"minecraft:sprint_one_cm":20916,"minecraft:damage_taken":195,"minecraft:time_since_death":6144,"minecraft:walk_one_cm":20767,"minecraft:sneak_time":10,"minecraft:damage_resisted":11,"minecraft:fall_one_cm":2297,"minecraft:fly_one_cm":10959,"minecraft:player_kills":6},"minecraft:mined":{"minecraft:tnt":35},"minecraft:used":{"minecraft:iron_sword":33,"minecraft:bow":15,"minecraft:splash_potion":4}},"DataVersion":2230}