{"stats":{"minecraft:killed_by":{"minecraft:player":27},"minecraft:used":{"minecraft:trident":2,"minecraft:bow":64,"minecraft:iron_axe":46,"minecraft:ender_pearl":8,"minecraft:lingering_potion":1,"minecraft:iron_sword":253,"minecraft:splash_potion":206},"minecraft:custom":{"minecraft:time_since_rest":839,"minecraft:play_one_minute":37511,"minecraft:crouch_one_cm":308,"minecraft:damage_absorbed":217,"minecraft:sprint_one_cm":236244,"minecraft:deaths":43,"minecraft:damage_taken":10340,"minecraft:walk_one_cm":156398,"minecraft:sneak_time":227,"minecraft:walk_under_water_one_cm":309,"minecraft:mob_kills":2,"minecraft:drop":2,"minecraft:aviate_one_cm":39366,"minecraft:jump":1022,"minecraft:damage_dealt":7168,"minecraft:leave_game":2,"minecraft:walk_on_water_one_cm":2201,"minecraft:time_since_death":838,"minecraft:climb_one_cm":15228,"minecraft:damage_resisted":920,"minecraft:swim_one_cm":2354,"minecraft:fall_one_cm":30272,"minecraft:fly_one_cm":136993,"minecraft:player_kills":27},"minecraft:picked_up":{"minecraft:splash_potion":526},"minecraft:killed":{"minecraft:horse":2},"minecraft:dropped":{"minecraft:iron_axe":1,"minecraft:splash_potion":1}},"DataVersion":2230}