{"stats":{"minecraft:killed_by":{"minecraft:player":16},"minecraft:custom":{"minecraft:time_since_rest":1311,"minecraft:crouch_one_cm":1454,"minecraft:play_one_minute":42237,"minecraft:damage_taken":6285,"minecraft:sprint_one_cm":120528,"minecraft:deaths":18,"minecraft:walk_one_cm":184052,"minecraft:damage_absorbed":70,"minecraft:sneak_time":358,"minecraft:walk_under_water_one_cm":4590,"minecraft:mob_kills":1,"minecraft:jump":760,"minecraft:damage_dealt":6262,"minecraft:leave_game":6,"minecraft:walk_on_water_one_cm":2183,"minecraft:time_since_death":1310,"minecraft:climb_one_cm":11570,"minecraft:fall_one_cm":23125,"minecraft:fly_one_cm":126916,"minecraft:player_kills":22,"minecraft:horse_one_cm":9917},"minecraft:picked_up":{"minecraft:bow":1,"minecraft:saddle":1,"minecraft:iron_sword":2},"minecraft:killed":{"minecraft:horse":1},"minecraft:used":{"minecraft:bow":9,"minecraft:iron_axe":11,"minecraft:iron_sword":182,"minecraft:splash_potion":37}},"DataVersion":2230}