{"stats":{"minecraft:picked_up":{"minecraft:splash_potion":9},"minecraft:killed_by":{"minecraft:creeper":1,"minecraft:player":8},"minecraft:used":{"minecraft:iron_axe":3,"minecraft:iron_sword":33,"minecraft:splash_potion":31},"minecraft:dropped":{"minecraft:green_wool":7},"minecraft:custom":{"minecraft:time_since_rest":53,"minecraft:play_one_minute":33697,"minecraft:crouch_one_cm":280,"minecraft:walk_one_cm":58453,"minecraft:sprint_one_cm":233987,"minecraft:damage_taken":2277,"minecraft:deaths":11,"minecraft:sneak_time":87,"minecraft:walk_under_water_one_cm":359,"minecraft:drop":3,"minecraft:aviate_one_cm":177446,"minecraft:jump":971,"minecraft:damage_dealt":1450,"minecraft:leave_game":1,"minecraft:time_since_death":52,"minecraft:walk_on_water_one_cm":1050,"minecraft:climb_one_cm":3659,"minecraft:swim_one_cm":2634,"minecraft:fall_one_cm":63485,"minecraft:fly_one_cm":257563,"minecraft:player_kills":4,"minecraft:horse_one_cm":54543}},"DataVersion":2584}