{"stats":{"minecraft:killed_by":{"minecraft:player":272,"minecraft:creeper":5},"minecraft:picked_up":{"minecraft:splash_potion":1363},"minecraft:killed":{"minecraft:horse":6},"minecraft:dropped":{"minecraft:iron_sword":2,"minecraft:yellow_wool":5,"minecraft:arrow":10},"minecraft:custom":{"minecraft:time_since_rest":831,"minecraft:damage_taken":130469,"minecraft:walk_one_cm":1369600,"minecraft:sprint_one_cm":2800832,"minecraft:damage_absorbed":859,"minecraft:damage_blocked_by_shield":188,"minecraft:mob_kills":6,"minecraft:drop":17,"minecraft:damage_dealt":96250,"minecraft:swim_one_cm":404381,"minecraft:fly_one_cm":2516397,"minecraft:player_kills":342,"minecraft:play_one_minute":466796,"minecraft:crouch_one_cm":77927,"minecraft:deaths":357,"minecraft:sneak_time":27121,"minecraft:walk_under_water_one_cm":95306,"minecraft:boat_one_cm":696,"minecraft:aviate_one_cm":1086748,"minecraft:jump":12684,"minecraft:leave_game":27,"minecraft:walk_on_water_one_cm":60780,"minecraft:time_since_death":830,"minecraft:climb_one_cm":131231,"minecraft:damage_resisted":7085,"minecraft:fall_one_cm":518990,"minecraft:horse_one_cm":206202},"minecraft:mined":{"minecraft:snow_block":114,"minecraft:tnt":83},"minecraft:used":{"minecraft:trident":51,"minecraft:stone_sword":101,"minecraft:diamond_shovel":114,"minecraft:iron_axe":124,"minecraft:carrot_on_a_stick":3,"minecraft:ender_pearl":52,"minecraft:shield":5,"minecraft:iron_sword":1945,"minecraft:totem_of_undying":8,"minecraft:stone_axe":92,"minecraft:bow":138,"minecraft:crossbow":17,"minecraft:lingering_potion":72,"minecraft:snowball":39,"minecraft:splash_potion":1527}},"DataVersion":2584}