{"stats":{"minecraft:killed":{"minecraft:horse":11,"minecraft:creeper":4},"minecraft:crafted":{"minecraft:snow_block":4},"minecraft:picked_up":{"minecraft:splash_potion":2180,"minecraft:arrow":1,"minecraft:bow":1,"minecraft:golden_apple":3,"minecraft:iron_sword":4},"minecraft:mined":{"minecraft:snow_block":519,"minecraft:tnt":309},"minecraft:killed_by":{"minecraft:player":659,"minecraft:creeper":48},"minecraft:used":{"minecraft:trident":110,"minecraft:writable_book":4,"minecraft:diamond_shovel":535,"minecraft:stone_sword":192,"minecraft:snow_block":4,"minecraft:iron_axe":62,"minecraft:carrot_on_a_stick":523,"minecraft:ender_pearl":139,"minecraft:shield":10,"minecraft:iron_sword":3931,"minecraft:totem_of_undying":8,"minecraft:stone_axe":30,"minecraft:bow":922,"minecraft:written_book":1,"minecraft:crossbow":8,"minecraft:lingering_potion":105,"minecraft:snowball":125,"minecraft:splash_potion":1898},"minecraft:dropped":{"minecraft:iron_sword":13,"minecraft:shield":1,"minecraft:iron_chestplate":1,"minecraft:yellow_wool":4,"minecraft:diamond_helmet":1,"minecraft:iron_leggings":1,"minecraft:iron_boots":1,"minecraft:arrow":14,"minecraft:bow":1,"minecraft:totem_of_undying":2,"minecraft:splash_potion":38,"minecraft:golden_apple":5,"minecraft:green_wool":581,"minecraft:stick":1,"minecraft:firework_rocket":168},"minecraft:custom":{"minecraft:time_since_rest":2130,"minecraft:damage_absorbed":2883,"minecraft:sprint_one_cm":6615002,"minecraft:damage_taken":290530,"minecraft:walk_one_cm":3142781,"minecraft:damage_blocked_by_shield":873,"minecraft:mob_kills":15,"minecraft:interact_with_anvil":4,"minecraft:drop":691,"minecraft:damage_dealt":157578,"minecraft:damage_dealt_absorbed":140,"minecraft:swim_one_cm":321230,"minecraft:player_kills":565,"minecraft:fly_one_cm":4191727,"minecraft:open_chest":8,"minecraft:crouch_one_cm":66574,"minecraft:play_one_minute":1246138,"minecraft:deaths":1056,"minecraft:sneak_time":32464,"minecraft:walk_under_water_one_cm":130078,"minecraft:boat_one_cm":310,"minecraft:aviate_one_cm":1784774,"minecraft:jump":20162,"minecraft:leave_game":59,"minecraft:time_since_death":2129,"minecraft:walk_on_water_one_cm":146183,"minecraft:climb_one_cm":297263,"minecraft:damage_resisted":17700,"minecraft:fall_one_cm":1028474,"minecraft:horse_one_cm":440557}},"DataVersion":2584}