{"stats":{"minecraft:dropped":{"minecraft:green_wool":5},"minecraft:picked_up":{"minecraft:splash_potion":15},"minecraft:custom":{"minecraft:time_since_rest":58,"minecraft:play_one_minute":39785,"minecraft:crouch_one_cm":988,"minecraft:walk_one_cm":144197,"minecraft:sprint_one_cm":142240,"minecraft:damage_taken":9610,"minecraft:deaths":30,"minecraft:sneak_time":679,"minecraft:walk_under_water_one_cm":656,"minecraft:mob_kills":1,"minecraft:drop":5,"minecraft:aviate_one_cm":33854,"minecraft:jump":655,"minecraft:damage_dealt":976,"minecraft:leave_game":1,"minecraft:walk_on_water_one_cm":782,"minecraft:time_since_death":57,"minecraft:climb_one_cm":8432,"minecraft:damage_resisted":776,"minecraft:swim_one_cm":431,"minecraft:fall_one_cm":23753,"minecraft:fly_one_cm":148805,"minecraft:player_kills":5},"minecraft:used":{"minecraft:bow":18,"minecraft:carrot_on_a_stick":7,"minecraft:iron_sword":56,"minecraft:snowball":20,"minecraft:splash_potion":33},"minecraft:killed":{"minecraft:creeper":1},"minecraft:killed_by":{"minecraft:creeper":7,"minecraft:player":19}},"DataVersion":2567}